-- Verdan HMS - full database dump (sqlite3 format)
-- Restore with:  sqlite3 fresh.db < dump.sql

BEGIN TRANSACTION;
CREATE TABLE "AuditLog" (
    "id" INTEGER NOT NULL PRIMARY KEY AUTOINCREMENT,
    "userId" INTEGER,
    "action" TEXT NOT NULL,
    "details" TEXT,
    "ipAddress" TEXT,
    "createdAt" DATETIME NOT NULL DEFAULT CURRENT_TIMESTAMP,
    CONSTRAINT "AuditLog_userId_fkey" FOREIGN KEY ("userId") REFERENCES "User" ("id") ON DELETE SET NULL ON UPDATE CASCADE
);
INSERT INTO "AuditLog" VALUES(1,14,'BOOKING_CREATE','Booking #1 (STANDARD_DOUBLE)',NULL,'2026-04-01T19:00:00.000+00:00');
INSERT INTO "AuditLog" VALUES(2,5,'CHECK_IN','Booking #1',NULL,'2026-04-08T19:00:00.000+00:00');
INSERT INTO "AuditLog" VALUES(3,5,'CHECK_OUT','Booking #1 (£420)',NULL,'2026-04-11T19:00:00.000+00:00');
INSERT INTO "AuditLog" VALUES(4,5,'INVOICE_PAID','Booking #1',NULL,'2026-04-11T19:00:00.000+00:00');
INSERT INTO "AuditLog" VALUES(5,14,'BOOKING_CREATE','Booking #2 (DELUXE_KING)',NULL,'2026-05-17T19:00:00.000+00:00');
INSERT INTO "AuditLog" VALUES(6,14,'BOOKING_CREATE','Booking #3 (PENTHOUSE)',NULL,'2026-05-18T21:04:03.061+00:00');
INSERT INTO "AuditLog" VALUES(7,15,'BOOKING_CREATE','Booking #4 (FAMILY_SUITE)',NULL,'2026-05-10T19:00:00.000+00:00');
INSERT INTO "AuditLog" VALUES(8,5,'CHECK_IN','Booking #4',NULL,'2026-05-17T19:00:00.000+00:00');
INSERT INTO "AuditLog" VALUES(9,16,'BOOKING_CREATE','Booking #5 (STANDARD_DOUBLE)',NULL,'2026-05-11T19:00:00.000+00:00');
INSERT INTO "AuditLog" VALUES(10,16,'BOOKING_CREATE','Booking #6 (DELUXE_KING)',NULL,'2026-05-02T19:00:00.000+00:00');
INSERT INTO "AuditLog" VALUES(11,16,'BOOKING_CANCEL','Booking #6',NULL,'2026-05-05T19:00:00.000+00:00');
INSERT INTO "AuditLog" VALUES(12,17,'BOOKING_CREATE','Booking #7 (PENTHOUSE)',NULL,'2026-03-07T19:00:00.000+00:00');
INSERT INTO "AuditLog" VALUES(13,11,'CHECK_IN','Booking #7',NULL,'2026-03-14T19:00:00.000+00:00');
INSERT INTO "AuditLog" VALUES(14,11,'CHECK_OUT','Booking #7 (£1600)',NULL,'2026-03-17T19:00:00.000+00:00');
INSERT INTO "AuditLog" VALUES(15,11,'INVOICE_PAID','Booking #7',NULL,'2026-03-17T19:00:00.000+00:00');
INSERT INTO "AuditLog" VALUES(16,17,'BOOKING_CREATE','Booking #8 (FAMILY_SUITE)',NULL,'2026-05-18T21:04:03.120+00:00');
INSERT INTO "AuditLog" VALUES(17,18,'BOOKING_CREATE','Booking #9 (DELUXE_KING)',NULL,'2026-04-17T19:00:00.000+00:00');
INSERT INTO "AuditLog" VALUES(18,8,'CHECK_IN','Booking #9',NULL,'2026-04-24T19:00:00.000+00:00');
INSERT INTO "AuditLog" VALUES(19,8,'CHECK_OUT','Booking #9 (£660)',NULL,'2026-04-27T19:00:00.000+00:00');
INSERT INTO "AuditLog" VALUES(20,18,'BOOKING_CREATE','Booking #10 (STANDARD_DOUBLE)',NULL,'2026-05-09T19:00:00.000+00:00');
INSERT INTO "AuditLog" VALUES(21,5,'CHECK_IN','Booking #10',NULL,'2026-05-16T19:00:00.000+00:00');
INSERT INTO "AuditLog" VALUES(22,2,'ROOM_RATE_CHANGE','Room #1S01: off-peak £100 → £120',NULL,'2026-05-06T22:04:03.149+00:00');
INSERT INTO "AuditLog" VALUES(23,5,'ROOM_STATUS_CHANGE','Room #1D03: AVAILABLE → OUT_OF_SERVICE',NULL,'2026-05-16T22:04:03.151+00:00');
INSERT INTO "AuditLog" VALUES(24,2,'LOGIN',NULL,'127.0.0.1','2026-05-17T01:46:39.820+00:00');
INSERT INTO "AuditLog" VALUES(25,3,'LOGIN',NULL,'127.0.0.1','2026-05-18T12:30:05.954+00:00');
INSERT INTO "AuditLog" VALUES(26,4,'LOGIN',NULL,'127.0.0.1','2026-05-18T16:09:27.772+00:00');
INSERT INTO "AuditLog" VALUES(27,5,'LOGIN',NULL,'127.0.0.1','2026-05-18T07:45:08.339+00:00');
INSERT INTO "AuditLog" VALUES(28,6,'LOGIN',NULL,'127.0.0.1','2026-05-17T22:07:43.605+00:00');
INSERT INTO "AuditLog" VALUES(29,7,'LOGIN',NULL,'127.0.0.1','2026-05-17T11:18:19.760+00:00');
INSERT INTO "AuditLog" VALUES(30,8,'LOGIN',NULL,'127.0.0.1','2026-05-18T13:03:04.887+00:00');
INSERT INTO "AuditLog" VALUES(31,14,'LOGIN',NULL,'127.0.0.1','2026-05-18T08:18:57.168+00:00');
INSERT INTO "AuditLog" VALUES(32,15,'LOGIN',NULL,'127.0.0.1','2026-05-18T04:59:16.767+00:00');
INSERT INTO "AuditLog" VALUES(33,16,'LOGIN',NULL,'127.0.0.1','2026-05-18T16:39:28.990+00:00');
CREATE TABLE "Booking" (
    "id" INTEGER NOT NULL PRIMARY KEY AUTOINCREMENT,
    "checkIn" DATETIME NOT NULL,
    "checkOut" DATETIME NOT NULL,
    "status" TEXT NOT NULL DEFAULT 'CONFIRMED',
    "cancelledAt" DATETIME,
    "guestId" INTEGER NOT NULL,
    "createdAt" DATETIME NOT NULL DEFAULT CURRENT_TIMESTAMP,
    "updatedAt" DATETIME NOT NULL,
    CONSTRAINT "Booking_guestId_fkey" FOREIGN KEY ("guestId") REFERENCES "User" ("id") ON DELETE RESTRICT ON UPDATE CASCADE
);
INSERT INTO "Booking" VALUES(1,'2026-04-08T19:00:00.000+00:00','2026-04-11T19:00:00.000+00:00','CHECKED_OUT',NULL,14,'2026-05-18T22:04:03.032+00:00','2026-05-18T22:04:03.032+00:00');
INSERT INTO "Booking" VALUES(2,'2026-05-24T19:00:00.000+00:00','2026-05-27T19:00:00.000+00:00','CONFIRMED',NULL,14,'2026-05-18T22:04:03.051+00:00','2026-05-18T22:04:03.051+00:00');
INSERT INTO "Booking" VALUES(3,'2026-07-19T19:00:00.000+00:00','2026-07-24T19:00:00.000+00:00','CONFIRMED',NULL,14,'2026-05-18T22:04:03.059+00:00','2026-05-18T22:04:03.059+00:00');
INSERT INTO "Booking" VALUES(4,'2026-05-17T19:00:00.000+00:00','2026-05-21T19:00:00.000+00:00','CHECKED_IN',NULL,15,'2026-05-18T22:04:03.066+00:00','2026-05-18T22:04:03.066+00:00');
INSERT INTO "Booking" VALUES(5,'2026-05-18T19:00:00.000+00:00','2026-05-20T19:00:00.000+00:00','CONFIRMED',NULL,16,'2026-05-18T22:04:03.080+00:00','2026-05-18T22:04:03.080+00:00');
INSERT INTO "Booking" VALUES(6,'2026-05-09T19:00:00.000+00:00','2026-05-11T19:00:00.000+00:00','CANCELLED','2026-05-05T19:00:00.000+00:00',16,'2026-05-18T22:04:03.087+00:00','2026-05-18T22:04:03.087+00:00');
INSERT INTO "Booking" VALUES(7,'2026-03-14T19:00:00.000+00:00','2026-03-17T19:00:00.000+00:00','CHECKED_OUT',NULL,17,'2026-05-18T22:04:03.100+00:00','2026-05-18T22:04:03.100+00:00');
INSERT INTO "Booking" VALUES(8,'2026-07-09T19:00:00.000+00:00','2026-07-16T19:00:00.000+00:00','CONFIRMED',NULL,17,'2026-05-18T22:04:03.117+00:00','2026-05-18T22:04:03.117+00:00');
INSERT INTO "Booking" VALUES(9,'2026-04-24T19:00:00.000+00:00','2026-04-27T19:00:00.000+00:00','CHECKED_OUT',NULL,18,'2026-05-18T22:04:03.124+00:00','2026-05-18T22:04:03.124+00:00');
INSERT INTO "Booking" VALUES(10,'2026-05-16T19:00:00.000+00:00','2026-05-18T19:00:00.000+00:00','CHECKED_IN',NULL,18,'2026-05-18T22:04:03.138+00:00','2026-05-18T22:04:03.138+00:00');
CREATE TABLE "BookingRoom" (
    "bookingId" INTEGER NOT NULL,
    "roomId" INTEGER NOT NULL,
    "priceAtBooking" REAL NOT NULL,

    PRIMARY KEY ("bookingId", "roomId"),
    CONSTRAINT "BookingRoom_bookingId_fkey" FOREIGN KEY ("bookingId") REFERENCES "Booking" ("id") ON DELETE CASCADE ON UPDATE CASCADE,
    CONSTRAINT "BookingRoom_roomId_fkey" FOREIGN KEY ("roomId") REFERENCES "Room" ("id") ON DELETE RESTRICT ON UPDATE CASCADE
);
INSERT INTO "BookingRoom" VALUES(1,1,120.0);
INSERT INTO "BookingRoom" VALUES(2,15,180.0);
INSERT INTO "BookingRoom" VALUES(3,30,750.0);
INSERT INTO "BookingRoom" VALUES(4,8,240.0);
INSERT INTO "BookingRoom" VALUES(5,1,120.0);
INSERT INTO "BookingRoom" VALUES(6,25,180.0);
INSERT INTO "BookingRoom" VALUES(7,30,500.0);
INSERT INTO "BookingRoom" VALUES(8,18,320.0);
INSERT INTO "BookingRoom" VALUES(9,15,180.0);
INSERT INTO "BookingRoom" VALUES(10,1,120.0);
CREATE TABLE "BookingService" (
    "id" INTEGER NOT NULL PRIMARY KEY AUTOINCREMENT,
    "bookingId" INTEGER NOT NULL,
    "service" TEXT NOT NULL,
    "quantity" INTEGER NOT NULL DEFAULT 1,
    "price" REAL NOT NULL,
    CONSTRAINT "BookingService_bookingId_fkey" FOREIGN KEY ("bookingId") REFERENCES "Booking" ("id") ON DELETE CASCADE ON UPDATE CASCADE
);
INSERT INTO "BookingService" VALUES(1,1,'BREAKFAST',3,20.0);
INSERT INTO "BookingService" VALUES(2,2,'BREAKFAST',3,20.0);
INSERT INTO "BookingService" VALUES(3,4,'BREAKFAST',4,20.0);
INSERT INTO "BookingService" VALUES(4,4,'SPA_ACCESS',2,35.0);
INSERT INTO "BookingService" VALUES(5,5,'AIRPORT_TRANSFER',1,50.0);
INSERT INTO "BookingService" VALUES(6,7,'AIRPORT_TRANSFER',2,50.0);
INSERT INTO "BookingService" VALUES(7,8,'LATE_CHECKOUT',1,40.0);
INSERT INTO "BookingService" VALUES(8,9,'BREAKFAST',6,20.0);
CREATE TABLE "Hotel" (
    "id" INTEGER NOT NULL PRIMARY KEY AUTOINCREMENT,
    "name" TEXT NOT NULL,
    "city" TEXT NOT NULL,
    "country" TEXT NOT NULL
);
INSERT INTO "Hotel" VALUES(1,'Verdan London','London','UK');
INSERT INTO "Hotel" VALUES(2,'Verdan Paris','Paris','France');
INSERT INTO "Hotel" VALUES(3,'Verdan New York','New York','USA');
CREATE TABLE "Invoice" (
    "id" INTEGER NOT NULL PRIMARY KEY AUTOINCREMENT,
    "bookingId" INTEGER NOT NULL,
    "totalAmount" REAL NOT NULL,
    "paid" BOOLEAN NOT NULL DEFAULT false,
    "issuedAt" DATETIME NOT NULL DEFAULT CURRENT_TIMESTAMP,
    "paidAt" DATETIME,
    CONSTRAINT "Invoice_bookingId_fkey" FOREIGN KEY ("bookingId") REFERENCES "Booking" ("id") ON DELETE CASCADE ON UPDATE CASCADE
);
INSERT INTO "Invoice" VALUES(1,1,420.0,1,'2026-04-11T19:00:00.000+00:00','2026-04-11T19:00:00.000+00:00');
INSERT INTO "Invoice" VALUES(2,6,90.0,0,'2026-05-05T19:00:00.000+00:00',NULL);
INSERT INTO "Invoice" VALUES(3,7,1600.0,1,'2026-03-17T19:00:00.000+00:00','2026-03-17T19:00:00.000+00:00');
INSERT INTO "Invoice" VALUES(4,9,660.0,0,'2026-04-27T19:00:00.000+00:00',NULL);
CREATE TABLE "Room" (
    "id" INTEGER NOT NULL PRIMARY KEY AUTOINCREMENT,
    "roomNumber" TEXT NOT NULL,
    "type" TEXT NOT NULL,
    "capacity" INTEGER NOT NULL,
    "priceOffPeak" REAL NOT NULL,
    "pricePeak" REAL NOT NULL,
    "status" TEXT NOT NULL DEFAULT 'AVAILABLE',
    "hotelId" INTEGER NOT NULL,
    CONSTRAINT "Room_hotelId_fkey" FOREIGN KEY ("hotelId") REFERENCES "Hotel" ("id") ON DELETE RESTRICT ON UPDATE CASCADE
);
INSERT INTO "Room" VALUES(1,'1S01','STANDARD_DOUBLE',2,120.0,180.0,'OCCUPIED',1);
INSERT INTO "Room" VALUES(2,'1S02','STANDARD_DOUBLE',2,120.0,180.0,'AVAILABLE',1);
INSERT INTO "Room" VALUES(3,'1S03','STANDARD_DOUBLE',2,120.0,180.0,'AVAILABLE',1);
INSERT INTO "Room" VALUES(4,'1S04','STANDARD_DOUBLE',2,120.0,180.0,'AVAILABLE',1);
INSERT INTO "Room" VALUES(5,'1D01','DELUXE_KING',2,180.0,250.0,'AVAILABLE',1);
INSERT INTO "Room" VALUES(6,'1D02','DELUXE_KING',2,180.0,250.0,'AVAILABLE',1);
INSERT INTO "Room" VALUES(7,'1D03','DELUXE_KING',2,180.0,250.0,'OUT_OF_SERVICE',1);
INSERT INTO "Room" VALUES(8,'1F01','FAMILY_SUITE',4,240.0,320.0,'OCCUPIED',1);
INSERT INTO "Room" VALUES(9,'1F02','FAMILY_SUITE',4,240.0,320.0,'AVAILABLE',1);
INSERT INTO "Room" VALUES(10,'1P01','PENTHOUSE',4,500.0,750.0,'AVAILABLE',1);
INSERT INTO "Room" VALUES(11,'2S01','STANDARD_DOUBLE',2,120.0,180.0,'AVAILABLE',2);
INSERT INTO "Room" VALUES(12,'2S02','STANDARD_DOUBLE',2,120.0,180.0,'AVAILABLE',2);
INSERT INTO "Room" VALUES(13,'2S03','STANDARD_DOUBLE',2,120.0,180.0,'AVAILABLE',2);
INSERT INTO "Room" VALUES(14,'2S04','STANDARD_DOUBLE',2,120.0,180.0,'CLEANING',2);
INSERT INTO "Room" VALUES(15,'2D01','DELUXE_KING',2,180.0,250.0,'AVAILABLE',2);
INSERT INTO "Room" VALUES(16,'2D02','DELUXE_KING',2,180.0,250.0,'AVAILABLE',2);
INSERT INTO "Room" VALUES(17,'2D03','DELUXE_KING',2,180.0,250.0,'AVAILABLE',2);
INSERT INTO "Room" VALUES(18,'2F01','FAMILY_SUITE',4,240.0,320.0,'AVAILABLE',2);
INSERT INTO "Room" VALUES(19,'2F02','FAMILY_SUITE',4,240.0,320.0,'AVAILABLE',2);
INSERT INTO "Room" VALUES(20,'2P01','PENTHOUSE',4,500.0,750.0,'AVAILABLE',2);
INSERT INTO "Room" VALUES(21,'3S01','STANDARD_DOUBLE',2,120.0,180.0,'AVAILABLE',3);
INSERT INTO "Room" VALUES(22,'3S02','STANDARD_DOUBLE',2,120.0,180.0,'AVAILABLE',3);
INSERT INTO "Room" VALUES(23,'3S03','STANDARD_DOUBLE',2,120.0,180.0,'AVAILABLE',3);
INSERT INTO "Room" VALUES(24,'3S04','STANDARD_DOUBLE',2,120.0,180.0,'AVAILABLE',3);
INSERT INTO "Room" VALUES(25,'3D01','DELUXE_KING',2,180.0,250.0,'AVAILABLE',3);
INSERT INTO "Room" VALUES(26,'3D02','DELUXE_KING',2,180.0,250.0,'AVAILABLE',3);
INSERT INTO "Room" VALUES(27,'3D03','DELUXE_KING',2,180.0,250.0,'AVAILABLE',3);
INSERT INTO "Room" VALUES(28,'3F01','FAMILY_SUITE',4,240.0,320.0,'AVAILABLE',3);
INSERT INTO "Room" VALUES(29,'3F02','FAMILY_SUITE',4,240.0,320.0,'AVAILABLE',3);
INSERT INTO "Room" VALUES(30,'3P01','PENTHOUSE',4,500.0,750.0,'AVAILABLE',3);
CREATE TABLE "User" (
    "id" INTEGER NOT NULL PRIMARY KEY AUTOINCREMENT,
    "email" TEXT NOT NULL,
    "passwordHash" TEXT NOT NULL,
    "name" TEXT NOT NULL,
    "role" TEXT NOT NULL DEFAULT 'GUEST',
    "phone" TEXT,
    "failedLoginAttempts" INTEGER NOT NULL DEFAULT 0,
    "lockedUntil" DATETIME,
    "passwordChangedAt" DATETIME NOT NULL DEFAULT CURRENT_TIMESTAMP,
    "createdAt" DATETIME NOT NULL DEFAULT CURRENT_TIMESTAMP,
    "updatedAt" DATETIME NOT NULL,
    "hotelId" INTEGER,
    CONSTRAINT "User_hotelId_fkey" FOREIGN KEY ("hotelId") REFERENCES "Hotel" ("id") ON DELETE SET NULL ON UPDATE CASCADE
);
INSERT INTO "User" VALUES(1,'sarah.mitchell@verdan.com','$scrypt$n=16384,r=8,p=1$y3+mZV2nvHyxRJrMPf3x+w$3nJUR8rxkOyqRAJ7FP+EzY2ogKB9m+kSsJhqBzUR8GySjglAz/leCD+dujCmGVtGSSRp4iFsLcH/J2GECo1pkA','Sarah Mitchell','ADMIN',NULL,0,NULL,'2026-05-18T22:04:02.977+00:00','2026-05-18T22:04:02.982+00:00','2026-05-18T22:04:02.982+00:00',NULL);
INSERT INTO "User" VALUES(2,'james.anderson@verdan.com','$scrypt$n=16384,r=8,p=1$tmwT5P13mJ5MuPXNEm+KGA$Irw3ghnTqZktQt6qWGppq2bLvqRilphy13rYYyON8HFz709lapxmOvTcAgMtkyUR2CIuRp2Y+DCzjLcbTQ6LIA','James Anderson','MANAGER',NULL,0,NULL,'2026-05-18T22:04:02.986+00:00','2026-05-18T22:04:02.987+00:00','2026-05-18T22:04:02.987+00:00',1);
INSERT INTO "User" VALUES(3,'marie.dubois@verdan.com','$scrypt$n=16384,r=8,p=1$tmwT5P13mJ5MuPXNEm+KGA$Irw3ghnTqZktQt6qWGppq2bLvqRilphy13rYYyON8HFz709lapxmOvTcAgMtkyUR2CIuRp2Y+DCzjLcbTQ6LIA','Marie Dubois','MANAGER',NULL,0,NULL,'2026-05-18T22:04:02.986+00:00','2026-05-18T22:04:02.987+00:00','2026-05-18T22:04:02.987+00:00',2);
INSERT INTO "User" VALUES(4,'robert.chen@verdan.com','$scrypt$n=16384,r=8,p=1$tmwT5P13mJ5MuPXNEm+KGA$Irw3ghnTqZktQt6qWGppq2bLvqRilphy13rYYyON8HFz709lapxmOvTcAgMtkyUR2CIuRp2Y+DCzjLcbTQ6LIA','Robert Chen','MANAGER',NULL,0,NULL,'2026-05-18T22:04:02.986+00:00','2026-05-18T22:04:02.987+00:00','2026-05-18T22:04:02.987+00:00',3);
INSERT INTO "User" VALUES(5,'emma.wilson@verdan.com','$scrypt$n=16384,r=8,p=1$7c7aCyEAuxuQf+DAkY/UJQ$8Byn//QFEXeuY5dS08q10h8GjXQViy1KjGC/gsNlJYIxelKqQzb3VHhwp0x2YX29WC0NDeR6wI8hXaH18jnOag','Emma Wilson','STAFF',NULL,0,NULL,'2026-05-18T22:04:02.994+00:00','2026-05-18T22:04:02.995+00:00','2026-05-18T22:04:02.995+00:00',1);
INSERT INTO "User" VALUES(6,'david.brown@verdan.com','$scrypt$n=16384,r=8,p=1$7c7aCyEAuxuQf+DAkY/UJQ$8Byn//QFEXeuY5dS08q10h8GjXQViy1KjGC/gsNlJYIxelKqQzb3VHhwp0x2YX29WC0NDeR6wI8hXaH18jnOag','David Brown','STAFF',NULL,0,NULL,'2026-05-18T22:04:02.994+00:00','2026-05-18T22:04:02.995+00:00','2026-05-18T22:04:02.995+00:00',1);
INSERT INTO "User" VALUES(7,'sophia.taylor@verdan.com','$scrypt$n=16384,r=8,p=1$7c7aCyEAuxuQf+DAkY/UJQ$8Byn//QFEXeuY5dS08q10h8GjXQViy1KjGC/gsNlJYIxelKqQzb3VHhwp0x2YX29WC0NDeR6wI8hXaH18jnOag','Sophia Taylor','STAFF',NULL,0,NULL,'2026-05-18T22:04:02.994+00:00','2026-05-18T22:04:02.995+00:00','2026-05-18T22:04:02.995+00:00',1);
INSERT INTO "User" VALUES(8,'lucas.martin@verdan.com','$scrypt$n=16384,r=8,p=1$7c7aCyEAuxuQf+DAkY/UJQ$8Byn//QFEXeuY5dS08q10h8GjXQViy1KjGC/gsNlJYIxelKqQzb3VHhwp0x2YX29WC0NDeR6wI8hXaH18jnOag','Lucas Martin','STAFF',NULL,0,NULL,'2026-05-18T22:04:02.994+00:00','2026-05-18T22:04:02.995+00:00','2026-05-18T22:04:02.995+00:00',2);
INSERT INTO "User" VALUES(9,'camille.leroy@verdan.com','$scrypt$n=16384,r=8,p=1$7c7aCyEAuxuQf+DAkY/UJQ$8Byn//QFEXeuY5dS08q10h8GjXQViy1KjGC/gsNlJYIxelKqQzb3VHhwp0x2YX29WC0NDeR6wI8hXaH18jnOag','Camille Leroy','STAFF',NULL,0,NULL,'2026-05-18T22:04:02.994+00:00','2026-05-18T22:04:02.996+00:00','2026-05-18T22:04:02.996+00:00',2);
INSERT INTO "User" VALUES(10,'antoine.bernard@verdan.com','$scrypt$n=16384,r=8,p=1$7c7aCyEAuxuQf+DAkY/UJQ$8Byn//QFEXeuY5dS08q10h8GjXQViy1KjGC/gsNlJYIxelKqQzb3VHhwp0x2YX29WC0NDeR6wI8hXaH18jnOag','Antoine Bernard','STAFF',NULL,0,NULL,'2026-05-18T22:04:02.994+00:00','2026-05-18T22:04:02.996+00:00','2026-05-18T22:04:02.996+00:00',2);
INSERT INTO "User" VALUES(11,'jessica.lee@verdan.com','$scrypt$n=16384,r=8,p=1$7c7aCyEAuxuQf+DAkY/UJQ$8Byn//QFEXeuY5dS08q10h8GjXQViy1KjGC/gsNlJYIxelKqQzb3VHhwp0x2YX29WC0NDeR6wI8hXaH18jnOag','Jessica Lee','STAFF',NULL,0,NULL,'2026-05-18T22:04:02.994+00:00','2026-05-18T22:04:02.996+00:00','2026-05-18T22:04:02.996+00:00',3);
INSERT INTO "User" VALUES(12,'michael.garcia@verdan.com','$scrypt$n=16384,r=8,p=1$7c7aCyEAuxuQf+DAkY/UJQ$8Byn//QFEXeuY5dS08q10h8GjXQViy1KjGC/gsNlJYIxelKqQzb3VHhwp0x2YX29WC0NDeR6wI8hXaH18jnOag','Michael Garcia','STAFF',NULL,0,NULL,'2026-05-18T22:04:02.994+00:00','2026-05-18T22:04:02.996+00:00','2026-05-18T22:04:02.996+00:00',3);
INSERT INTO "User" VALUES(13,'olivia.williams@verdan.com','$scrypt$n=16384,r=8,p=1$7c7aCyEAuxuQf+DAkY/UJQ$8Byn//QFEXeuY5dS08q10h8GjXQViy1KjGC/gsNlJYIxelKqQzb3VHhwp0x2YX29WC0NDeR6wI8hXaH18jnOag','Olivia Williams','STAFF',NULL,0,NULL,'2026-05-18T22:04:02.994+00:00','2026-05-18T22:04:02.996+00:00','2026-05-18T22:04:02.996+00:00',3);
INSERT INTO "User" VALUES(14,'john.smith@gmail.com','$scrypt$n=16384,r=8,p=1$Q6ggBChFrQNTamK1k1U9kw$KvgUiFVkrv5l1782GOhNZOyc0f5PuaJLIPm/umZ2w+K9YyKOqJm3544G3j0RaENa0XnGAxA3IBJP2cWMmUkBlQ','John Smith','GUEST','+44 20 7946 0001',0,NULL,'2026-05-18T22:04:03.014+00:00','2026-05-18T22:04:03.016+00:00','2026-05-18T22:04:03.016+00:00',NULL);
INSERT INTO "User" VALUES(15,'linda.johnson@gmail.com','$scrypt$n=16384,r=8,p=1$Q6ggBChFrQNTamK1k1U9kw$KvgUiFVkrv5l1782GOhNZOyc0f5PuaJLIPm/umZ2w+K9YyKOqJm3544G3j0RaENa0XnGAxA3IBJP2cWMmUkBlQ','Linda Johnson','GUEST','+1 212 555 0010',0,NULL,'2026-05-18T22:04:03.014+00:00','2026-05-18T22:04:03.016+00:00','2026-05-18T22:04:03.016+00:00',NULL);
INSERT INTO "User" VALUES(16,'carlos.hernandez@gmail.com','$scrypt$n=16384,r=8,p=1$Q6ggBChFrQNTamK1k1U9kw$KvgUiFVkrv5l1782GOhNZOyc0f5PuaJLIPm/umZ2w+K9YyKOqJm3544G3j0RaENa0XnGAxA3IBJP2cWMmUkBlQ','Carlos Hernandez','GUEST','+34 91 555 0020',0,NULL,'2026-05-18T22:04:03.014+00:00','2026-05-18T22:04:03.016+00:00','2026-05-18T22:04:03.016+00:00',NULL);
INSERT INTO "User" VALUES(17,'aisha.patel@gmail.com','$scrypt$n=16384,r=8,p=1$Q6ggBChFrQNTamK1k1U9kw$KvgUiFVkrv5l1782GOhNZOyc0f5PuaJLIPm/umZ2w+K9YyKOqJm3544G3j0RaENa0XnGAxA3IBJP2cWMmUkBlQ','Aisha Patel','GUEST','+44 20 7946 0030',0,NULL,'2026-05-18T22:04:03.014+00:00','2026-05-18T22:04:03.016+00:00','2026-05-18T22:04:03.016+00:00',NULL);
INSERT INTO "User" VALUES(18,'tom.obrien@gmail.com','$scrypt$n=16384,r=8,p=1$Q6ggBChFrQNTamK1k1U9kw$KvgUiFVkrv5l1782GOhNZOyc0f5PuaJLIPm/umZ2w+K9YyKOqJm3544G3j0RaENa0XnGAxA3IBJP2cWMmUkBlQ','Tom O''Brien','GUEST','+353 1 555 0040',0,NULL,'2026-05-18T22:04:03.015+00:00','2026-05-18T22:04:03.016+00:00','2026-05-18T22:04:03.016+00:00',NULL);
CREATE TABLE "_prisma_migrations" (
    "id"                    TEXT PRIMARY KEY NOT NULL,
    "checksum"              TEXT NOT NULL,
    "finished_at"           DATETIME,
    "migration_name"        TEXT NOT NULL,
    "logs"                  TEXT,
    "rolled_back_at"        DATETIME,
    "started_at"            DATETIME NOT NULL DEFAULT current_timestamp,
    "applied_steps_count"   INTEGER UNSIGNED NOT NULL DEFAULT 0
);
INSERT INTO "_prisma_migrations" VALUES('828667e2-9777-4038-b5aa-ce8e7548cd85','51ef7c3c431f48a51519fb40af22698ea2697c5405623f478518e527a289fbaa',1779141842256,'20260515123800_init',NULL,NULL,1779141842245,1);
CREATE UNIQUE INDEX "User_email_key" ON "User"("email");
CREATE UNIQUE INDEX "Room_hotelId_roomNumber_key" ON "Room"("hotelId", "roomNumber");
CREATE UNIQUE INDEX "Invoice_bookingId_key" ON "Invoice"("bookingId");
DELETE FROM "sqlite_sequence";
INSERT INTO "sqlite_sequence" VALUES('Hotel',3);
INSERT INTO "sqlite_sequence" VALUES('Room',30);
INSERT INTO "sqlite_sequence" VALUES('User',18);
INSERT INTO "sqlite_sequence" VALUES('Booking',10);
INSERT INTO "sqlite_sequence" VALUES('BookingService',8);
INSERT INTO "sqlite_sequence" VALUES('Invoice',4);
INSERT INTO "sqlite_sequence" VALUES('AuditLog',33);
COMMIT;
